user_id,total play,Artist,genre,track
BF6EA5AF,92.85138808302445,Marina Rei,pop,Musica
FB1E568E,282.981,Stive Morgan,ambient,Love Planet
FB1E568E,282.981,Stive Morgan,ambient,Love Planet
EF15C7BA,8.966000000000001,,dance,Loving Every Minute
82F52E69,193.77632653061227,Rixton,pop,Me And My Broken Heart
4166D680,3.0069999999999997,Henry Hall & His Gleneagles Hotel Band,jazz,Home
F4F5677,0.1,,classicmetal,
386FE1ED,211.88,,electronic,Riviera
A5E0D927,3.161,Andrew Paul Woodworth,pop,The Name of This Next Song Is Called
E9E8A0CA,274.39,Pillar Point,indie,Dove
D3DD8D00,8.836,Steve Campbell,jazz,Morning Dew
596A4517,0.0,David Civera,pop,Bye Bye
2E50EDF9,245.04,Lumipa Beats,hiphop,Cludo
79D2876C,2.0,Henning Wehland,pop,Räuber und Gendarm
5A3095E,0.0,,,
96DA13A1,0.0,Пётр Каледин,spoken,Пойти и не вернуться. Глава 1
4023830D,46.885,ChinKong,dance,Live Life
AEAEF451,15.0,Albatraoz,pop,General Zod
285648EF,0.1,Pugs Atomz,dance,No Love
34811AC9,7.0,Zak Moore,dance,Feel Good
892E9835,219.19086299999998,Kendra Springer,new,Sonora
46EB28CD,254.862,Nathalie Cardone,latin,Hasta Siempre
919EFA26,272.039167,Snowday,dance,Patterns
A76F54E1,72.38968,Swords,indie,I Didn't Understand
94E73621,8.109446121281469,Montezuma's Revenge,extrememetal,My God Is a Bad Cop
13C442BF,217.0,,dance,Lightspeed
C4AF055B,0.0,,,
A6D6DBE7,208.822833,Музыка для изучения,instrumental,Инструментальная музыка
9C97ECE2,214.256327,A-Life,dance,Don't Hurt Me
DD08E7D1,27.164889000000002,Peter Holzmann,classical,The Seasons Op. 37A  (August  The Harvest): VIII. Allegro vivace
22642B7C,28.873,Heathers,alternative,Forget Me Knots
90004D45,3.253,IRISHA,dance,You Lose
8DA2ADAC,161.0,Tigerlily,dance,KICK BOOM
65608E7C,0.1,Orinoco Haven,pop,Don't Dream It's Over
A7BA3C55,0.0,,latin,La Tortura
D8B3971,134.112625,,rock,It's So Easy!
C087E463,9.2,Yngnfrsh,hiphop,Future Baby Mama
CADC0B1A,49.0,Sen-dla & Lotus,german,Nochmal Von Vorn
A6152E0B,254.64,Merwan Rim,french,Sofia
29BBA33D,3.6634528145833367,Watchout! Theres Ghosts,rock,Never You
2FBD8201,0.1,,,
2F4F0630,0.1,The Jeremy Spencer Band,pop,Cool Breeze
FD36A727,1.4645890096367715,The Rubix Cube's,soundtrack,"Girls Just Want to Have Fun (From ""Bioshock Infinite"")"
4D8D4370,248.0,Luca Turilli's Rhapsody,metal,Il Cigno Nero
38C55DA7,63.291889596199496,Мария  Матвеева,electronic,Принцесса Укок
4AD7F9E2,0.1,Lou Reed,rock,Ride Into the Sun
F1014BD5,202.13551,Emanuel Borok Cullan Bryant,classical,Love's Sorrow
B39466EE,0.1,,,
EE908C06,84.51917633020831,Echoes The Fall,pop,Eye Of The Tiger
C484328A,6.0,Psycho 44,rock,All My Demons Have Distortion
1D1186AA,378.644898,Чёрный Кузнец,rock,Дубль один
58D5A9C7,0.872,,dance,Born to Party
CC23B61,79.389,Ming,dubstep,Claim Earth
D9111D79,108.199175,Zcr,electronic,Разбегается на куски
C4C63D22,163.631,Limousine,alternative,A Drive
D52D00EA,8.443,Дуэт «Алмас»,pop,Люби меня люби
61AAFD2A,30.012834,Ricardo Piedra,house,Shooting Stars
1602CC14,235.07591800000003,Лінія Маннергейма,electronic,Навчи
F2EF24F8,177.29,Hellogoodbye,rock,Finding Something To Do
A40236D7,43.0,The Contemporary Noise Sextet,pop,Bitches Tune
6C936B97,270.0,The Rock Kid Heroes,rock,Bawitdaba (Made Famous by Kid Rock)
220A6FF8,136.643,Meditation Spa Society,new,From the End of Light
616A5F7D,28.42437307986112,Red Nose Rudolph,miscellaneous,Rudolph the Red Nose Reindeer
BBFBFE04,1.6869999999999998,Sweet Dreams Project (Dj Sergey Zevs and Kristina Dolce),dance,Me Is Not Pain
14313BCE,3.773,Matt Sadler,spoken,The Biker Bar
8808CC9B,28.0,Loon,rap,Do What You Like (Featuring Trina)
89F8A4B6,7.67,Indecent Noise,,Neurofunk
97735D6D,30.304000000000002,Domo Wilson,rock,I Wanna Be Me
52626181,0.0,Blex,world,Promesa de Amor
8431D955,225.0,Cypress Spring,country,Bootleg Style
EA665694,0.0,Кооперативыништяк,punk,Солнце похожее на тебя
8AA53E75,341.838367,Lionrock,dance,Packet Of Peace
1E20AB1B,5.5464569999999975,Shirley Holmes,alternative,1 + 1 + 1
61B6E597,94.509,KHARO,rap,Wrap Em
C9AC9D32,5.232,Koufequin,latin,Vamos a la Música
7B171AAB,0.0,PUNXXX,rusrap,Не по пути
DF8619AE,19.0,NeuRuTics,alternative,Северный олень
9AE82E5C,1.014,Ritmo Natural,jazz,Cumbia Cha Cha
20B8C4FB,211.565714,Kake Randelin,pop,Rakkautta ja rahaa
C22BEA45,191.053,Serious Black,extrememetal,I Seek No Other Life
BF32936D,3.9384300000000003,Ana Cañas,rnb,Eu Dou
FA279DD2,1.5237530000000001,Jennifer Warnes,pop,Up Where We Belong
714A9114,2.3466949999999938,Delroy Edwards,electronic,Killer Charlie
A76BB012,25.283,Otherland,dance,Wiggle - Jason Derulo
5B68BDDC,216.82,Maurice Moore,rnb,Take Time
F6939D17,187.0,Aaliyah Palmen,pop,Cold (Reprise Maroon 5 Future)
AC0AF747,0.1,Dadafon,pop,Slow Day
81817E47,5.0,Blinding Lights,soundtrack,"Zombie (From ""Pitch Perfect 3"")"
C527ADCF,8.566,Stephen Provost,electronic,Station One
CCAF9FD9,3.4726160000000004,,classical,Kaddish
BB5B3AA4,214.413061,Saltimbankya,metal,Gipsy Queen
BEA65D35,195.369796,Susanna Hoffs,rock,Eternal Flame
5D9AAD37,1.0197450000000001,Bomba Titinka,,Mambo Italiano
926DE999,0.0,Sds,electronic,Trinity
A2CC841A,3.204336721228475,Walter Kemp3oh!,jazz,Intuit
4B1EEB5,224.002,Trst.,electronic,Throw Yo Body
7F38A6F8,50.04,D. Rogers,pop,When It’s Done It’s Done
510D9BEE,213.0047541533333,Tapani Kansa,pop,Anna Mun Jäädä Sun Luo
A95CC18E,31.695999999999998,Sofi Lapina,pop,Gravity
9224DF40,134.974,Nino Nardini,world,La joie d'aimer
1AD2023F,102.98,Витя CLassic x Kaip,hiphop,Целлофанка
11B83119,48.0,Ameritz - Tribtues,pop,All I Want
2B3F806F,27.000272,Francis Lay,world,Un homme et une femme
14B73B59,31.32330066354167,Christian,pop,Se te ne vai
60F5B674,0.0,Openfieldz,rock,Spanish Lullaby
124CACCF,1.8969999999999998,Acoustic Café,new,Je Te Veux
A9537061,146.9126530612245,Circle of Song- Kate Marks and Friends,world,Shiva Dance
D51B3C0,277.0,Ils,beats,Feed The Addiction
BD8A7461,382.484875,Kevin Over,dance,Djengis
E972F48E,5.281000000000001,We Are Action,punk,At Least We're Still Alive
1E393052,11.077,TaRuta,ukrrock,ШевченкА
9C533CB1,248.450612,Gregg Kofi Brown,pop,Lullaby to an Anxious Child
748BE5A3,0.1,Ayla,pop,Sessiz Gemi
DE999382,2.0,Pranayama,inspiritual,Musica yoga
E3B367E9,2.0,110% Hits,pop,110% Intro
2D2FD178,0.0,The Kovenant,metal,Stillborn universe
DC81528C,144.83100000000002,Summer Love,rock,Бейба
767942DD,73.0,ZOLOTO,ruspop,В текиле
2A40C1C9,0.1,O.S.T.R.,hiphop,Prędkość
9F494619,7.442,Nadine Bryant,country,Everybody's Looking For Something
D0DF5F8A,160.44,Skaльпель,alternative,Телефон 02
F78DECE1,450.03755,Ivan Spell,electronic,Sunday 7AM
66177A34,0.1,OB,pop,Butterflies
7D4CDE9F,304.0,Martin Stock,ambient,Song for Marilyn
8726FFF5,238.628548,Катя Разумовская,ruspop,Кареглазый
1451927,162.075,Sin Ensayo,pop,Toda la Noche
C31591B3,2.135351,Christy Baron,jazz,The Shadow of Your Smile
5F9A0A4C,217.70449,Любовные истории,ruspop,Возвращайся
B0174CAE,0.1,,caucasian,Дзорис
F5C7ACF3,0.0,,,
EE53730E,49.0,Агенты Кремля,rusrock,Доллары-рубли
6556EF3E,0.0,Gotham City,rock,Swords and Chains
DE5D0BB,8.576,Young A.C.,hiphop,Jewelz On (feat. Gorilla Zoe)
164E0D14,48.496,ILoveMakonnen,rap,Love
8F6CA3C8,16.867,Солоинк Эпик,rock,Мой бог
9DC9AC4A,0.717074,General Ghost,rock,Nightwalker
D8A43003,4.676826925999993,Vivaz Danilo Secli & Santoro feat. Cesco & Puccia,dance,Zimba
FB7E4FD8,164.93099999999998,XUITCASECITY,pop,Famous
DFFAC45C,279.939,Joe Walsh,rock,Life's Been Good
8C1DC60F,0.0,Luisa-Sophie,pop,If You Should Ever Go (Castles Turn to Sand)
3444D54D,93.90100000000001,,classical,Act 2: La belle un mot
A88D6FC2,47.625434000000006,Axis,dance,Over You
A2D55C39,6.9844678680504,Psychic Ills,rock,East
FB911233,39.2,Violinbwoy,dub,Jah Horns Dub
D5EDEFF9,2.436113,Razika,pop,Første gangen om igjen
6E2E0DE8,0.0,Superheaven,alternative,Downswing
B9E511C6,1.136235,The Soup Dragons,rock,I'm Free
FF3683D9,93.0,cheezystack,hiphop,Lil Nigga
24C2E9D6,213.7860833,Night Dreamers,pop,D.i.s.c.o.
2DA7804D,198.112,Le French,dance,Einfach
3EC23561,15.0,Jeff Golub,jazz,Slinky
2A590CEA,0.1,Shane Dawson,soundtrack,I Am Everything
AAB4A313,0.0,Gym Class Heroes,hiphop,Live A Little
CAD83060,20.518614000000003,Il Bambino di Napoli,world,L'Italiano
BC72D858,386.142041,Max Him,electronic,Japanese Girl
B0E09AD6,35.841832000000004,Zonder,metal,hisatsinom
2051BDD4,203.441625,,ruspop,Будем танцевать
51D217C0,124.383127,,ruspop,Песенка музыкальных охотников
17FE875A,0.0,Alison Vardy,folk,Streets Of London / Pachelbel's Canon
3707FB7F,7.798272600694442,Golden Blue,dance,Brian
7FF5991E,41.173547258680564,Wormrot,rock,Blockhead Fuck Off
7092BD5,271.0,Dr Fresch,electronic,151
CAADEB2E,234.684082,16yrold,hiphop,Up Next
E7A4CE3B,119.95299999999999,Softcore Express,latin,La Cumparsita
F14E5BD3,46.220238,,pop,Рисунками
CA76CE48,149.929,LETAY,dance,Better Not to See You
8D1843CE,1.385,Chill Out Music 2017,pop,Hideaway [Kiesza Cover]
28D7995F,9.773,Tomorrowland,rock,Sunbeam
F29A48AC,160.731429,Michael Ganian,world,I Am in Heaven
8D164B1C,0.1,Сергей Дружко,shanson,Ты у меня одна
D32C2052,64.0,Musica para Meditar,ambient,The Dawn Chorus Of Binaural Beats
50E205EA,0.1,Sechem,metal,Era of Martyrs
A1A49369,0.0,OD Odyssey,pop,Candy
A276B24E,6.0,Joe Maize,hiphop,So Glad
7BCF1527,220.0,,dance,Rising Love
B45526B4,13.683,The Fire Men,rock,Hole in My Head
17A7CA28,3.998,Luka Sol,electronic,Unknown
318A2DA3,195.593,Thepour,rock,Castle
F0C4865D,219.0,Cantrell,hiphop,Keep Yappin
898C9E6F,4.1720783590105865,Aeone,new,Umbra Nihili
6AE3C58A,168.045,,hiphop,Freak Distrikt
F1BF8472,22.055999999999997,,dance,White Panda
C31591B3,3.7938769999999997,Jacintha,jazz,Shadow of Your Smile
17AA57FA,27.353,,ruspop,Капля теплоты
E2758511,294.50449,Rolf Zielke,jazz,In the Chains of Fate
5AE2A176,185.0,Chaigo,dance,Had Some Drinks
4D679CD8,235.171,Signs,electronic,Paper Bag
A93CB756,8.0,Simona,pop,Sei nell'anima
B4B498A8,1.535,Boundless,electronic,Carol of the Bells (Dubstep)
1027DE43,4.612,Dcmc,rusrap,Долго-долго
F773657D,0.0,Johnny Nightmare,alternative,The Gun in My Hand
B88C35D6,206.497936,,ruspop,Быть счастливым
98AB1585,64.453,Jun Takahira,pop,Kokoro No Chizu
3A39704F,48.68600000000001,Giorgi Latso & Anna Fedorova-Latso,classical,Sonata for Piano Four-Hands in C Major K. 521: I. Allegro
D15C8108,78.76338638229096,Дмитрий Дан,ruspop,Люди не ангелы
AEF082FF,33.64,Елена Коханова,fairytail,Вальс-шутка
ADF044D9,36.608000000000004,Christina Petrowska Quilico,classical,Gondola I: Gondola I
ED51F21B,0.0,Diamond Rio,country,I Believe
39FE18A3,13.921,Дата Карчава,caucasian,Птичка невеличка
E35B1317,0.0,Mike Teezy,hiphop,Still Have Hope (feat. Dre Murray)
7FB71ADE,228.36,Human Tetris,rock,Warm Memory
F6FDE693,0.1,Lorne,pop,Oil and Water
AAA0FFE6,148.27100000000002,Maxine Sullivan,jazz,How Do I Know It's Real
235CB089,17.624000000000002,,hiphop,
6986FD15,297.608,Rave Allstars,electronic,Raving With The Best
F27AC5A0,2.166947,Universe Infinity,hard-n-heavy,Catch of My Life
A9922DF4,15.324000000000002,Knoc-Turn'al,hiphop,Theme Music
E276AEC5,109.28,Anne Lovett,classical,Lovett: Nocturne
242A0F7D,162.429388,Oliver Holmes,electronic,Joystick Junkie
88056866,272.741,Baw,rusrap,Дай мне
42341B2E,0.821,,romance,Ночь светла
BF8AC56A,0.1,Laura Hackett Park,religious,Changes Everything
97BC6BEF,13.15312466666667,Ensemble Girolamo Frescobaldi,classical,Ave Maria
2E0B2A1F,19.680999999999997,Влад Рамм,ruspop,Мило я влюбился
494EBFB3,110.0,Social Hooliganz,electronic,I Want Your Soul
DEA6DA1C,41.78279475659723,Girlfriend,pop,Saving It Up
9BA73A6F,57.896381272,Madball,hardcore,Friend Or Foe
1440705F,1.939503,Musikkorps der Leibstandarte-SS Adolf Hitler,orchestral,Viel schwarze Vögel
841E8B7E,5.399373872000001,Otis Gibbs,folk,Ed's Blues (Survival)
5826926,24.061,Michael Waters,world,The Two Shamans
E128EF1A,3.1579059206648865,Michelle Lawson,pop,No Smoke
F7B7AE3A,0.0,Krsraga,hiphop,Hurt People
33C826F9,41.0,AVM,rock,I'm Not Crying Over You
52796231,16.575,Dino & Franco Piana Septet,jazz,Open Dialogues Suite
FE76AC63,0.1,,,
7923A3E1,275.38,,minimal,Mao Zedong
EC002FF5,0.0,Amos Tamam,world,Balayla
E6600614,504.0,Зиновий Гердт Евгений Паперный Георгий Кишко Андрей Поддубинский Матвей Марголес Джаз-ансамбль Киевского театра эстрады п/у Александра Шаповала,fairytail,Приключения капитана Врунгеля: Всё Христофор Бонифатич
1F96C931,0.1,Baby D,rap,Get Out
ED976E26,64.2798947,Fitness Body Studio,latin,Izquierda Derecha
E8916A8D,68.057,Lisa Hake,folk,Gold Dust Kid
B588C0B4,0.0,,film,Muppets
EDE6635A,37.0,OZEN Rajneesh,spiritual,Haridwar Kumbhmela
78D41E44,224.15288199999998,Shapeless,rock,A Way
349D8116,217.408,,latin,Dale Pa'lante (Ft Pachanga)
41C20D32,240.979592,Angelzoom,pop,Everyone Cares
1F30A441,221.048,The Chicago Performers,melodic,Beauty School Dropout
4D567D52,220.029375,Глубокий Сон Святилище,new,Земля мечты
16C4098F,16.0,,rusrap,Чудная долина
F6E548D2,316.0,Obscurity,rock,Bergischer Hammer
4187CA0E,2.350881,David Noise,pop,Love
29B84564,3.827,ТУ-134,ruspop,Где же он бродяга
B30A1613,80.642,Ciatuzza,world,Madonna ch'era àutu lu suli
EC2C2D4C,46.56100000000001,No Pulse,electronic,Harley Quinn 2017
3AC868FE,0.0,Purple Haze,dance,The Hyll
BFBBBF8E,0.0,,dance,Panache
EAC2FD84,1.472,Corey Crowder,pop,Leaving You
8E2B511,18.003328,Griffin & Flint,pop,Sweater Weather
53F8E76C,0.0,Touch Sensitive,dance,Pizza Guy
DD55E0DC,16.0,Warpboy,pop,Mot
5F6864A,0.1,Taiko,dubstep,Clones
2CF08796,223.399167,Andrew Hewitt,miscellaneous,The Double Theme
63D2A91A,0.0,Steven Force,trance,Like a Shadow
422EF164,1.2034610000000001,NO.TnX,rock,Napoli violenta
F227BFC0,0.0,Joe Buffardi & Rainer Freytag,rock,Margot's Song
1D6B7454,41.0,S@thal,hiphop,Хочу к тебе
54A859CF,256.522,The Slow Revolt,electronic,Never Get Close
DFDD3C94,4.047,Dark Dance Times Two Times,electronic,Pilfer
39D06765,250.58900000000003,Charles Wayne,hiphop,Start It Up (feat. Mob Royalle)
3BAD3537,28.954,Ирина Дубцова,ruspop,Свадебная
9200CD1F,160.104458,The Love Affair,rock,Satisfaction Guaranteed
5630A487,1.000499,Noisered,dance,Sexy Bitch
A15D0FD2,183.614,Авіатор,pop,Рыжая
2D6FC421,17.850434173,Underworld,rock,Café Del Mar
75812FC5,42.54699679334917,Compuphonic,dance,Sunset
750A54F3,298.655,Silvia Harnisch,classical,La Poule
9D387424,236.054,Kunto Aji,pop,Mercusuar
21D57F83,147.226122,Milla Jovovich,pop,In A Glade
120716FB,226.887596,The L.A. Fitness Crew,dance,Groovejet (If This Ain't Love)
6532140A,39.69689134166634,Keenan O'Meara,rock,Might as Well Swim
BD68E917,0.1,Doug Stanhope,comedy,A Reputation For Violence
B0FF2C29,4.256,Theta Frequency,electronic,Techno-Criminal Subcultures - THETA FREQ.
B7C3AAD2,187.895,Wilson Kriminal,reggae,Ron Con Reggaeton [feat. Los Rabanes]
FE76AC63,0.1,,,
3E587E1F,3.145,Chris Irvine,pop,Frozen Rivers
BEB8E6C1,156.0,Sergei Ardzinba,country,Sen Gelmez Oldun
43F55BF4,18.841410656,DJ Matisse,world,Seminaire
8F3B18F0,0.0,Violy,,Ti Credo
88ED7165,206.628571,,deep,In The City
95AC0795,0.1,Lazy Bear,deep,Away From Me
C09080C7,252.48,Selofan,rock,Give Me a Reason
C47FB42E,27.925290000000004,Deutschland sucht den Superstar,pop,We Have a Dream
311AC70F,0.0,Reginaldo Rossi,mpb,Pegou Fogo na Caixa D'Água
E39E2ED1,0.1,Vera Badings,classical,Danses for Harp and Orchestra L.103
30F9E89B,50.101703232000006,20 Fingers,pop,Short Dick Man
13274A2D,295.079,,pop,Double Face
B482A9F2,369.21,,techno,Scary noise
E773B795,48.318999999999996,Maffei Nack,electronic,Take My Bass
A0998808,6.154,Robin S R.O.N.N. & Ron Carroll,dance,So Alive
F50E3E6F,407.95425,Metalord,rock,A Way Out
17CA0883,3.653,Fontana,dance,Pow Pow Pow
F50650CD,3.1927779999999997,lojii,hiphop,dutti
A062B34E,16.814683329113933,Sally Ford,jazz,Shingaling Shingaling
B43CD337,0.1,Raggae Tom,reggaeton,Gasolina
F9CBB0CD,383.32081600000004,,classical,Cello Concerto  No. 1 in C Hob. VIIb:1: III.  Allegro molto
3C46E5A2,0.0,Jocelyn Brown,rnb,Get Down Saturday Night
7CD20923,118.08,,pop,Blue Bird
9C25DCE,1.0,Breaking the Boundaries & Abdulrahman Mohammed,singer,Ya Mn Hawah
DE584C50,219.10299999999998,,jazz,How insensitive
40A2EFEF,224.02612200000002,The Hubba,classical,Jasmin in G Lydian (D Major)
46E2F72C,690.076735,Pato Banton,pop,Gwarn!
E2430517,11.267000000000001,Le stanze di Federico,pop,Quello che resta della notte
51C451F5,8.0,Steve Everett,pop,Heartbreaker
5D60E7DE,275.43507900000003,Bruderschaft,electronic,Forever
F6680D74,1.0,Hit The Button Karaoke,karaoke,El Baño
35655AD0,4.995,Giaime,hiphop,Jay-Z & Beyoncè
EA060D2E,356.0,Riverside People,electronic,Fantasy Dancing
2C48172,2.0,Mazhar Alanson,rock,Güllerin İçinden
92BBD75A,118.322,Marina Wisnik,world,Dezesseis
9A54810B,242.78204100000002,The Scary Gang,children,We Love Halloween
E8072C3C,152.067,La Malice,world,Where Is My Mind
DC2DA22C,194.0,Привет Arisha,ruspop,Всё остальное потом
5BC172AD,25.938000000000002,Clicks,electronic,We'll Be Fine
B771AC89,6.471927,Harry Tally,pop,Come Josephine in My Flying Machine
84CA1E6D,0.1,Simon Says,rock,The Needle's Eye
FDED8314,7.227726,Karlene Bartolo,spiritual,Lord I Come Unto You
5E2032B,181.61,Hotel 17,ruspop,Лето
AAFC64CB,186.641,Jessica Lea Mayfield,adult,Our Hearts Are Wrong
A42317B,4.613,Mark Hollis,pop,The Colour Of Spring
B6FE3CAD,316.36,Tha Dogg Pound,western,Xmas Seasons
16FB8F0E,104.414,All Get Out,indie,Orchestra
F88B9B25,0.1,Leit-Motiv,electronic,You're My Heart You're My Soul (Euro Style)
2FECA861,36.166726000000004,ИлГэрэй,pop,Мизгел сыман
30B680B3,0.1,Dip Haus,dance,Chrome
F19B6DD9,2.0,Lamliki,dance,Nowhere
BDA2BEEA,174.419592,,hiphop,All My Bitches
CE3EF9F3,20.0,,jazz,Gotta See Baby Tonight
AA837DAD,188.0,Erann DD,pop,Love You More And More
D1E301DE,16.973,Los Costeños Del Pacifico,latin,Toro Pinto
6EDC12C0,405.956984,Kayah,pop,Dzielę na pół
7DEA4AD0,0.0,Mother Nature Sound FX,ambient,Peaceful Spirit
4A21BF6D,162.664458,Владимир Неплюев,ruspop,Ты успокой меня
D544966E,161.350495,The Rolling Stones,rock,We Love You
76E38EC4,0.0,BJ Moodswing,religious,Thank You Lord
C69D5044,0.1,The Anarchist Bikers,rock,Crimson and Clover
AA03129C,104.91,New composers,electronic,Sputnik of Life
6670EBC3,2.1951680000000002,Oregon Guitar Quartet,classical,Keyboard Concerto in C Major BWV 1061: III. Fugue
516E1B6E,0.0,Ray Brown,jazz,Sister Sadie
85D8EE0E,4.245012304166666,Caravan Ray,electronic,Tired of Talking
3A51F385,4.390159799999972,,psychedelic,Blue Dream
F7F207CD,0.0,DJ Bam Bam,electronic,Base Banging
593EC660,234.21387799999997,Graves,grime,Stay Up
B224EFBB,222.632,Zarif,world,Box of Secrets
6EAB7274,206.576,Kodes,rock,Yeraltı Ordusu
CFD77719,0.0,Street Drugs DTLA,rock,How's the World Look Today?
D998AACE,3.467,FLAVATROY,hiphop,Never Fold
88B799E,89.0,Lin Jiang,classical,Mozart: Horn Concerto No.3 in E flat K.447 - 2. Romanza: Larghetto
97D7AD89,1.40186,Bill Trieshmann,dance,Passing Through
DEB20566,292.702042,,jazz,The Captain of Her Heart
8EB4AAA2,14.21424,Pep's Lemon,pop,Libertango
4D54FA05,1.946,Марк-Антуан Шарпантье,classical,Pastorale La Couronne de fleur: Air Instrumental
CEB62771,0.1,Electric Electric,alternative,Discipline
72089752,5.711,Michelle Vickie,pop,Rang Yi Rang
EB12E103,48.0,Eddie Matthews,country,Shenadoah
FAD8622,2.8810000000000002,Benjamin Lazar Davis,alternative,A Love Song Seven Ways
2E2F721B,0.0,Nathan Barr,soundtrack,The Reset Button
990DFC75,14.172340492216449,Close Enough,rock,Frailty
4B210CF9,0.1,,,
22587857,95.98839,The Japanese House,alternative,Follow My Girl
863464E7,0.1,KRS One,,Underground
68BF18C0,268.001,Etherwood,dance,Souls Rejoined
F748FB77,0.1,,world,Tum Bin Jeevan Kaise Beeta
FEAF287F,0.1,Buck Rogers,electronic,Bounce (feat. Imagine This)
730DDE68,189.0,Norman Ball,country,Kill the Lights
D1AF4158,1.9315669999999998,Beat-Boy,electronic,Roof Is On Fire
75C1DADC,6.956307912152764,Nuclear Fuel,electronic,She's a Winner
FB7104D,0.1,Gayane Danielyan,pop,Garnan Mek Or
4D8CF321,10.064,CVIRO,electronic,Sober
D2BD6EEF,3.2095380000000002,Dirtbag Love Affair,rock,Jetson (Such a Cliche)
2EDF28FC,14.0,Vedo,rnb,Touch You Kiss You
270D5B2C,216.56,BRUTTO,alternative,Годзе
4D31F53A,64.0261,Rain Sounds & Nature Sounds,ambient,Rain On Concrete
CF29C98C,0.5108390022675737,Aaron Sledge,pop,2nite
490933B9,0.1,,deep,Под ультрафиолетом
C46C9D38,250.0,Rim'K,hiphop,Harraga
4E73BBBF,7.177967999999999,Jeff Baxter,rock,Breathe (In The Air)
CEF63537,281.182041,Datsik,electronic,Galvanize
24B5B85,5.56,Yoga Buzz,new,Tender Surrender
E9170B17,7.687,Lacquer,pop,Go With The Flow
36EFD5CB,1.555,,pop,All Or Nothing
8D31F1F6,11.282286313888896,KENGO,electronic,Summer Love
CFE6BA25,2.6839999999999997,DJ Guru,dance,Lento
A2014283,253.84582490396642,Bambozza,ruspop,Пионерская задорная
D84B9579,1.0,Lil Kano,christian,Number
7EB5C3DD,606.0,Christian Sands,jazz,Syl-O-Gism
A163A7DA,253.17877599999997,Fashionation,dance,Mojito House
28ECCF18,0.0,,,
1DD62F21,0.0,,hiphop,Черта
E52559E8,225.46200000000002,Skratch Off,hiphop,2 Da Syde
591A09A4,217.07754159999996,Pat Lok,dance,WYG (4 ME) [VIP]
63F44221,1.4069999999999998,,pop,
303E7963,161.657,Red Death,extrememetal,Formidable Darkness
57BFC448,50.191,Give Me A Reason,rock,Dear Weekend
41A213D1,1.919,,pop,Seoul
9D968608,162.262,Jonny Mathis,miscellaneous,White Christmas
4F5BE5D5,467.278367,,trance,Love Forever
76E4E92D,372.23900000000003,JP Bates,electronic,Quarantine
A30F3DB8,251.951,Музыка для сосредоточения,instrumental,Шум воды
CE0E95,202.004898,The Panic Division,,Legacy
CF9F1BA1,0.9671719999999999,Sistars,pop,Inspirations
BA0C0137,9.689431955522599,Lyle Mays,jazz,Close To Home
902A58BE,530.834275,Academy of St. Martin in the Fields Sir Neville Marriner,classical,Symphony No. 2 Op.73 D Major: Allegro Con Spirito
2C9D272C,234.08326499999998,Shields,metal,It's Killing Me
4CD36BD5,4.271574,Borja Morán,classical,La Nevada
B86A976D,8.702589999999999,New York Symphony Orchestra And Chorale,holiday,Here We Come A-Wassailing
C1D4F27E,150.572,,dance,The Other Side of the Mirror
7F77F050,111.398,,jazz,
D3D516FC,402.729796,Panda Dub,electronic,Shankara
FDDA9F81,0.1,Leslie Tay,pop,12 år
156FF0A6,8.613999999999999,2Hat,,She Bad Girl
7F111A14,62.016000000000005,Judas Iscariot,rock,With Lust and Murder for Our Drink
FE76AC63,0.1,,,
845EAF50,375.04,Bunny X,electronic,I Never Wanted to Say Goodbye
CAF1BC36,201.508548,Aza feat. Adrian Sina,pop,Mai iubeste-ma o data
DF21D615,84.053,Pyöveli,metal,Speed Metal Attack
F748FB77,35.928000000000004,Husnlal - Bhagatram,world,Kismat Bigdi Duniya Badli Pt. 1
C6CC768A,0.1,Openhill,electronic,Everybody Trance Now
A521458F,230.87,Pixels & Sound,rock,Two Feet
637D6179,205.00799999999998,Аслан Тлебзу,caucasian,Shyrytym
BB8802D4,5.437034,Gábor Horváth Trio,jazz,Move On
6960B811,22.585,Frederik,miscellaneous,Touchscreen
CCEDC986,179.30449,Tennishero,electronic,Midnight Love
CBC859A5,223.921633,Serendipity,pop,Cuando Brille el Sol
5A23E7CA,238.628571,Jack Radics,pop,No Matter
60D9924B,228.87900000000002,Maska,hiphop,Rahh
F9505A8B,129.189188,Dirty Kid Discount,metal,Solomon's Circle
2B6E2690,0.0,Luna,pop,Сломана
7B96FD53,157.741,Funkmasterflex,hiphop,Ante Up
F12E5A41,13.511970578947365,Fiesta Brasil,pop,Lambada
F567521E,287.6,Bhakta & Chirag,world,unknown territory
6001F208,142.208143,Daniel Telis Project,rock,Juego Sensual
63F5DDA9,29.808956,Blu Cantrell,pop,Breathe
241C102,4.943494,Richard Band,soundtrack,Reanimator Prologue & Main Title
1B555C37,1.0,Alexz,house,Movin' & Groovin'
C121C279,16.468279147916668,Amir,french,5 minutes avec toi
DAE86282,3.2050080000000003,Slam-Air,electronic,Power
55BB2502,2.4986568533554263,Cyan Kicks,alternative,Gasoline
891E2967,40.487771,,electronic,Tension
EB9B6512,380.714,Emcee D Unknoen (D Unknown),pop,Yer Overrated so Dont Overreact
487057CB,201.0,Rebecca St. James,pop,Alive
AE7F6AE6,205.5,Tiësto,dance,The Right Song
DB315EFC,9.948906,The Shaking Heads,rock,Road to Happiness
31414576,0.0,,pop,
8BCB81C,360.881633,TEKNI,techno,Rush
F75BBAF7,56.0,Greg White,dance,I Want You
74F7008D,311.658,Your Bunny Rot,electronic,Dynasty (feat. Oleg / Deathmade)
34A437C3,4.022764724999997,Amanda Jayne,singer,Crazy Bitch
30955FB4,2.0,Hayal Köseoğlu,pop,Yalandolan
FCE12A9F,20.52029914743113,DEEKAY,dance,It's Not Love
EBD094C0,9.0,Pote,dance,Fall
29FB03BC,0.0,DePaul University Wind Ensemble,classical,Concerto for Trumpet
B3825835,11.0,Pentothal Sodium,metal,They Lie
2E39AEFA,1.859,Excite Bike,metal,The Jonas Brothers Are Immortal
D47DE2EA,1.973,VMP,dance,Strigoi
85C018BD,5.2829999999999995,David Vendetta/Tara McDonald/Alim Gasimov,house,I'm Your Goddess
BD100CB9,0.1,80's Fitness Crew,dance,Maniac
184E194D,232.90775499999998,Masoud Sadeghloo & Mehdi Hosseini,world,Dastaye Marizet
F20D4408,197.32898,Марина Хлебникова,ruspop,Если после
C097A82,488.071825,Hans-Christoph Becker-Foss,classical,Toccata and Fugue in D Minor BWV 565
4E60B097,71.42399999999999,Young Fathers,hiphop,Albatross
57E441A1,0.1,Sune Martin,soundtrack,Roland Jeep (Intro)
666F1AF0,260.92514700000004,,pop,Hypnos
A534F54B,1.694805,Jevetta Steele,soundtrack,Calling You
9CADBB83,301.87102040816325,Jah Divizion,reggae,Кубана 2000
B25AE5B5,83.323,Jose Basso,argentinetango,La Cumparsita
A1626282,290.403242,The Davitts,world,Raglan Road
7CFCAEF9,2.437,Frankenstein Drag Queens From Planet 13,punk,Kill Miss America
7F314046,0.1,,dance,Fringe
AAD53FAB,1.814,The Sundays,pop,Summertime
F09F3E7C,6.207999999999999,Elise Major,rock,Scars
A004F0F2,250.705,Will Vidows And T.J. Irving,new,Overtura Op. 170. El Canto Del Cisne
1C485E61,3.3876410000000003,Mada,dance,La Noche
7E4ABE72,3.47,Tom Delonge,rock,Circle-Jerk-Pit
4C39AD41,161.306122,Сальто назад,rap,Мати казала
80ABBFC4,1.158,,rusrap,Потерявший
B2EA00DC,0.1,Wild Royal Coast,dance,It's All About Love
1863211E,4.013,Altituda,ruspop,Пусть говорят!
7C375C09,4.99,Little Betty,rnb,Twistin' School
F12E5A41,1.0,Testa Rosa,rock,Bad Wolf
915022ED,2.359187388888888,Rockaholixs Buam,pop,Sirtaki
774966F7,480.391833,,dance,The Feeling Of Being In This Place
67BD28E,1.2212923999999998,Bellaudia,new,Intro
A41BCAEC,85.0,$kayle,rusrap,Подожди
696AB21F,5.0,David Usher,pop,Jesus Was My Girl
4619C37C,0.1,,,
F7E8B15,2.699,Svika Pick,pop,אני הולך לאן שאן
228500A8,150.418,Until Dawn,metal,Third Knee
8C15467F,102.697948,Baked,alternative,Midnight Junkie
C005D3CF,2.7959709999999998,Connor James Thuotte,pop,Welcome to the Wild
C070F368,152.0,Fuhrs Frohling,alternative,Strings
5EB0E2CE,171.2065,Ridikulaz,hiphop,Motivated
8EF4A3FE,53.476000000000006,Staring out the Sun,rock,Hero
3141C89F,29.13,BE QUIET,alternative,Flood
D96FAC2E,31.0,Pandrezz,electronic,Foam
4A1756A1,27.692421000000003,Fear Of Domination,rock,Modify
D90DEA2,1.741868,Billy Strange,jazz,Man from Uncle
C852C76E,295.105306,Laura Branigan,pop,Gloria
55DF1E0F,158.902857,Danny And The Juniors,disco,At the Hop (Re-Recorded)
69F6C889,152.737,Hoxton Whores,dance,Le Voie Le Soleil 2009
B3EC3987,6.466481659722249,Sky Empire,metal,The Wind The Sand The Stars
2BF79083,12.0,Ryan Hadarah,pop,Crazy
8D9CAC26,3.6993126618055463,Team Me,alternative,The All Time High
6C81B578,1.273,,,
E0186521,161.337799,,hiphop,Graveyard Chamber
E43C27F4,365.0,Mark Arrington,world,Primary Reels 113
61D39270,0.1,Beautiful Woman,dance,Blu Sky
8E2B511,18.003328,Griffin & Flint,pop,Sweater Weather
16D951D1,0.1,,classicmetal,
56FCC9A3,0.0,C. R. Bobby,world,Yaar Eva Yaak Eva
84684242,4.706217,,rock,Great Balls Of Fire
AA04F336,237.348571,The Deadly Syndrome,rock,Friends Who Don't Go out at Night
AB5064AB,159.9,Chilafapuliska,alternative,Ain't Nobody Here but Us Chickens
D1C2F143,265.0,DJ Tokozui,lounge,China Girl
9E0A8328,216.0,,hiphop,Since I Left You
B15268E,258.0,George Howard,pop,Family Affair
77B3D21,0.0,Cualli,electronic,Macrodose
26AAEB29,1.886,Ben Esser,electronic,Love You More
A34ECA98,226.06900000000002,Adekunle Gold,rnb,Sade
E5352BC,179.513446,Люля Витрук,ruspop,Я злюсь
77394CCE,143.73085579809975,Cool Water Canyon,rock,Cadillac
E2455EFF,4.6911258749069225,The Stubby Shillelaghs,folk,1916
4BCAD7C5,0.0,Luis DH,alternative,I Feel It in My Bones
5F2D18A2,286.040816,The Sound Poets,pop,Joprojām
6AD5FB2A,0.1,Q-Factory,soundtrack,Eternal Empire
AE45364D,0.0,,,
FB18AE49,326.582857,Emile Pandolfi,classical,Fantasie Impromptu Op 66
D6A03F1E,34.07676403125,Night Fever Band,pop,Don't Let Me Be Misunterstood
2EA271C1,148.065,,dance,Run Wild
7D2386C4,201.0,Howe,alternative,Glorious Hay Days
D0F6FC4D,483.462,Guilt Machine,rock,Leland Street
D8D2DD8E,3.909298675000012,Steve Call,electronic,Altered State
A5E57F6A,0.1,Peter Jöback,pop,O helga natt
37239A1D,193.77599999999998,Velhas Virgens,rock,Meus Problemas Com a Bebida
2C1126ED,184.973042,Raving George,dance,You Are Mine
96CE4A6E,0.0,Thomas Stenström,pop,När allting faller
F6F3C68A,0.0,Young Flamma,hiphop,Geek'd
641C9E80,424.12408200000004,Onething,religious,All Is for Your Glory
A5E0D927,1.864,American Awesome Alliance,metal,Ovary Acting
2ABCF7B8,22.689617000000002,Troubadors of Spain,world,"Fiesta Medley - El Gato Montes / Espana Cani / En ""Er"" Mundo"
49885788,2.4819999999999998,,electronic,Move Your Soul
443B73E4,11.0,Miner,folk,Paper Moon
AE2FC538,0.0,Minimal Techno Tribe,electronic,Journey Planner
E30D6B2A,237.81877599999999,Cornelius,electronic,Tone Twilight Zone
292F715C,0.0,Gorge & Homm,dance,Black Coffee
7D8DDA71,1.7118919999999997,Kevin McCall,rnb,Naked
75CD225A,1.5619999999999998,Reno Bo,folk,Smile Across the Universe
D3A46A97,6.6608363891771685,Sinan Hoxha,world,Gili Gili
69D17422,7.406000000000001,Skyweep,electronic,Need To Feel Loved
DBD0190A,8.0,The Gondoliers,pop,'o sole mio
548D4388,15.0,Unkle Matt & the Shitbirdz,latin,Dozer
DF38CC5D,1.0,Kampor,rusrap,Так интересно
14FF135A,4.296,Fabulous Chancellors,rock,Diamond in the Sky
BA215F75,12.467,,hiphop,
DE342A1,218.749375,Karaoke Universe,miscellaneous,I Dont Care[In The Style Of Fall Out Boy]
679628B,228.38857099999998,Carel Kraayenhof,new,La commozione del addio
970B76DC,199.0,,electronic,Wonderland
DB5A90DE,421.79918399999997,,electronic,Mantra
B509B213,39.654708707931796,Zara Coz,pop,I'm an Albatross
D754B86C,212.0,,dance,Hollywood
B891CE04,1.0,evokids,children,Pussy Cat Pussy Cat
AA493D12,11.007,Farida,urban,Friends
2A917C77,2.0,Karmate,world,Kara Duman
B7F86C5B,367.43836699999997,Twilight Ophera,metal,Queen of the Night [Darkness is Thy Kingdom Part II]
1B6C0429,37.877542,,rusrap,Клетчатое интро
ACDD47DD,3.0,,dance,Time
A38B5021,263.082,Midnight Romeo,pop,Lightning Hands
26C25CEB,9.279,Yung Trae,hiphop,3:57
F5E23776,142.334,Tris Day,pop,Bones
6325607A,195.94,БигБэта,ruspop,Девушка сильная
F0384FCD,22.45951224999999,Tomago4e,rusrock,День сурка
FE5FD2A,0.1,Beth Lee & the Breakups,rock,Keep Your Mouth Shut
C7F5A17E,2.418412,The Five Royales,jazz,I Like It Like That
C83683D2,2.0,Bird Radio,folk,All That's Past / Winter
DB5A90DE,240.143675,Marw3ll,dance,Oh
B792C958,1.197,Stephen Rhodes,ambient,Calm spirit/Ruhiger Geist
2FD78AE3,145.40404438055555,Egberto Gismonti,jazz,Frevo
993BF6CD,212.601,Brodinski,electronic,Bury Me
7437D364,321.567325,,local,Всевышний программист
E2E1AF89,3.935749,Pavel Nunez,latin,Quedate
E8948EE0,0.1,Pearlene,rock,Burying Ground
6D04268A,315.846531,Shakatak,jazz,You Never Know
6B27C9E,0.0,Klim,folk,Summer Wind
942EE84F,75.49600000000001,Ананда,ambient,Релаксация через глубокое дыхание
F1014BD5,202.13551,Emanuel Borok Cullan Bryant,classical,Love's Sorrow
94B434BA,0.0,Ленар Деллерт,metal,Сквозь омут сознания
C12166C,1.6880000000000002,Harald Kloser,soundtrack,Arrest Them
5DEEFA8F,229.06400000000002,Third ≡ Party,progressive,Free
ACC97660,0.0,Kimeray Wells,hiphop,10 Freaky Girls
2D8B2447,331.08,Giannis Kopalas,world,Toysman etrigilistane
3C5C2D18,0.0,Hans Zimmer,film,Palm Tree Escape
FD43C78,0.0,Audiocrush,indie,Space Before The Question Mark
56A92D48,0.0,O Holy Night Cello,other,Oh Holy Night Cello
A8E74382,14.0,Pale Saints,alternative,Kinky Love
C7AD2978,15.052999999999999,Paranoid Social Club,rock,Soul Demolition
4611E13E,2.0,Justyna Steczkowska,pop,To Moj Czas
E9CAD7F0,248.659592,Raury,indie,God's Whisper
FAB36AD7,0.1,Zach Hill,alternative,Face Tat
BBA70B92,4.32,Red Wanting Blue,rock,Running of the Bulls
5BA801CE,181.0,Bastille,alternative,Pompeii
E222CB7B,184.0,Brunelle,dance,Let Me Love You
C8D461C2,190.195862,Toyohiko Satoh,classical,Cleopatre Amante - Double
C2F74442,0.1,Erin Durant,pop,Kind Woman
3420F04,233.247,The Rat Pack Lounge Ensemble,jazz,One For My Baby (as made famous by The Crooner)
A659F6C7,91.227,BABI JOKA,hiphop,Rng
A6C77D9A,0.1,T. Walker,dance,Set Me Free (feat. Melissa B.)
15D94C1A,2.0180000000000002,The Kisscats,world,Let’s Twist Again
D69FC289,0.1,Drink Hunters,punk,Celtic Punks
5F80B8C0,1.131,Everything or Nothing,pop,Seventeen
D7D9918E,223.91,Rossy,pop,If I Was King
BEDE5D78,3.892,Peter Nashel,soundtrack,Marco Trains / Hundred Eyes Fights
ADC6C8C,222.66775,Dragoslav Pavle Aksentijević,classical,Gospodnja Milost Traje Do Veka (14. Vek)
1FA774B7,212.37,Cais Sodré Funk Connection,funk,Do the Math
22F6A2C4,0.1,,,
7CF3A96E,0.0,Craig Lowe,electronic,Home
3B4E13C,292.0,Arabic DJ 2013 Hla (10),electronic,Sabri Aleel
47F336C0,0.1,,rusrap,Токалочка
41779B84,127.976,Paul Winter & The Earth Band,new,First Oasis
494CBFF9,0.0,Mmska,hiphop,Понедельник
645A849E,21.338,Barbara McNair,rnb,Baby A Go-Go
EB60C301,222.61551,Barn Burner,metal,Holy Smokes
735A5DD9,3.345,The Shoghaken Ensemble,world,Shorora (Sheram)
28D1836C,108.639,Balkan Beat Box,folk,Kum Kum
D401FE9D,19.624450894444443,Kill The Giants,hiphop,Die Fledermaus
DDEC8E93,377.782833,Laydee Jane,dance,Lights
68BB43D0,0.0,,electronic,The Future (Riviera)
2A2EE62E,2.5337202424017797,The Ruling Party,rock,No Place To Hide
1ADA0DE,4.777,'68,rock,Death Is a Lottery
67363E1E,38.0,Ibiza Music United,dance,Show Me Love
FF7AEFB4,4.381,,jazz,
B422BEEA,45.148,Bagg Street Klezmer Band,world,Odessa Bulgars
AD945FB5,0.1,Joy-Lab,electronic,Freedom
B1B944E,138.79,John Kramer,classical,Meditation No. 1
38D184E,217.03599999999997,Eran James,pop,Let Love Rule
9DA33C63,306.455,Satori,dance,Shoeless
4346BDDD,5.183,Analise,pop,I Love You
15A96CB7,1.895,A. Myrén,electronic,Gepard Sprint
43A5F00A,88.911,Lin C,dance,Animals (Like An Animal)
BED49516,263.00081600000004,Enter The Haggis,folk,Lancaster Gate
9F4B0F9B,10.156,Genesis,pop,Love U for U
143F26E,0.1,Carla Nova,dance,Les miss aux shoopachoop
AC5188F7,2.889,Sharon Lewis,blues,Don't Play That Song
138D30A7,0.1,KLYMVX,dance,Siento
C1B7B80A,218.04,Efisio Cross,classical,Prince of Nature
671E8778,3.0,Yeshua Band,religious,Bhajan
2DB96F4,64.07835,АЛ-90,dance,Forefeeling
152BB9F9,3.712831043749997,The Sugarhill Gang,rap,My Little Playmate
CDDC20DD,176.333,,pop,
B9E6B769,0.1,AwareNess,psychedelic,Enigma
261D29D,197.0,Tito Puccio,pop,Amada Mia Amore Mio
F1EE088A,1.046,Masters Of Hardcore,electronic,Merry Chrsitmas (Part 2)
29296BE8,0.1,Chon,rock,Suda
5E8B5D07,0.0,Амет,pop,Цап-царап
87597C4F,427.128125,,dance,Spite
B534A430,3.891,D.I.T.C.,hiphop,Fat Joe Speaks
98D43D40,1.724,Re-Flex,pop,The Politics Of Dancing
17CC907F,1.8430000000000002,Michael Compton,rock,A Bad Dream
1854D019,10.959818594104311,Siena Root,rock,Outlander
607F0909,164.675918,Hannah Wicklund & The Steppin Stones,rock,Bomb Through the Breeze
6E27CB82,4.707276,100 Hits,rock,O Death
A83942DB,2.0,Hattie Murdoch,dubstep,Secret War
4E261D8B,1.689,Acoustic Moods Ensemble,pop,The Sound of Silence
4BD9EDCC,2.832829301303861,The Mins,alternative,Dispossess
9284E154,1.101,GOT Project,soundtrack,Game of Thrones (Strings Version)
E12F7580,0.0,Danny Hay,dance,Dreamer
79A29A32,4.99428929188384,Natalie Gang,pop,Try Everything
DEEC8E45,214.07345800000002,Sean Bradford,dance,Colorblind
4F3CDD0D,52.734041000000005,Digitalo,indie,Shining
BB8802D4,6.193803,Chillaxonic,jazz,Ineffable
A3504F99,0.1,,,
FE76AC63,0.1,,,
B12BA155,6.313950676056336,The Trying,electronic,I'm Infected
1832A4FD,464.0,Andrey dubovitskiy,dance,Chernika
8BF0BD43,127.905965,Pe:te,electronic,Rapture
7BB4EDF9,2.0,,dance,Good Vibes
3A1DD3EA,1.804,Tony Allen & Wanderers,rnb,If Love Was Money
71D958F0,7.964995744097222,Michael Daniel and the Absidy Community Incidentally Detrimental Philharmonic Orchestra and Pontificators,classical,The Russian Slave Girl
84AB4466,20.504,Elton John,rock,Cottonfields
B3D1A79A,4.431019999999999,Colin Blakey & the Clan,folk,Achmelvich Bay
FB1E62D2,33.500314,Sacha Korn,metal,Wie Lange Noch?
CB463ADF,4.731,Lucia Altieri,pop,Ne me quitte pas
958F45CA,63.146,Slovak Radio Symphony Orchestra Bratislava,classical,Symphony No. 1 in E flat major op. 2: III. Adagio
AADB7032,0.003508,Freddy Martin & His Orchestra,jazz,Just a Fair Weather Friend
C7246445,0.0,Ppomo Asmr,spoken,Ppomo Asmr Brain Eating
3DF97D7A,8.349,Ideal Zero,rock,Let It Out
A2B3C7C2,0.1,Decrepit Birth,extrememetal,Sea of Memories
448DE82B,179.0,Aylin Coşkun,pop,Sinsirella
6184DEAD,22.642357,Stan Walker,pop,Tennessee Whiskey
3372F25E,0.9701850000000001,Concertino Accordion Band,classical,Romanian Folk Dances Sz. 56: V. Poarga romaneasca. Allegro & VI. Maruntel. Allegro
D7E01A48,0.0,Ruth Lorenzo,pop,Love Is Dead
E170744D,2.585,Tomaz Lima,spiritual,Radha Krishna
EE1232BC,9.0,Empresarios,electronic,Cumbia Salvaje
C9EB5C9B,9.645949015277779,Sezam,world,Sviraj Sviraj Sezame
CF3006B8,370.024458,,dance,Breathe into You
6439A9AF,0.1,RLC Music,electronic,Disturbed
44C887AA,155.0,,hiphop,2000
1CA5960A,4.4187949222222285,Cloudy Joint,hiphop,Rap
9180A14E,252.74900000000002,,ruspop,Где кончается ночь
CD09690E,222.19755099999998,GMA BAM,hiphop,Get Money
7A78A22A,4.2139999999999995,Tino Rosario,easy,Papito
E367E376,0.0,The Chromatic,psychedelic,Darkside
B234F0C,1.1320000000000001,Midnight Commander,pop,Megahit 3000
DDA1B99A,8.830331290591156,Steve Hillman,rock,Accumulator
CBBBED7B,16.132,,pop,Bei Mir Bist Du Schön
7A121D19,199.482,Girlschool,rock,Watch Your Step
95ACCC8A,29.470008,Shawn Storm,dancehall,Like a Holiday
3896B4BD,2.555976866,Zeus,trance,Arctic Sunset
19364318,210.07,Blindspott,rock,Yours Truly
AD9C0B8,368.457,Tim Duryee,folk,451
704DAF10,0.0,Daniz,hiphop,Ready 4 War
784F02CD,759.875918,The Blues Project,rock,Dakota Recollection
85D09EDA,0.1,Reece,rock,Lost in Translation
8FF63D24,331.04979199999997,,dance,You & Me
228BE6FD,92.995918,Esham,rap,50 Cent
77B32489,1.474,Arsalan Ali,world,Sharabi
55938345,0.710385,SiM,rock,Fallen Idols
5E544BF2,0.1,Grizzly Man,dance,Maybe
893E1E4D,387.134,Supertramp,rock,Even In The Quietest Moments
F92222D4,13.300999999999998,M.A.R.GO!,ruspop,Стану ветром
944C45FF,0.0,Yuki Kurashima,classical,Etude Op. 10-12
FEC4EEFE,8.24,T-Power Vs. MK Ultra,electronic,Mutant Jazz
1CC25238,0.1,Relaxing Instrumental Music,new,If
B1A0D8DD,129.044898,Johnny Depp,french,Ballade De Melody Nelson
498FC5B5,238.049,Trevor Guthrie,pop,Soundwave
E9F44B9B,9.85,DVNK,ruspop,До утра
9795FFE1,0.1,Сеня Андронов,ruspop,Все твои друзья
EDE553C0,220.00900000000001,Eilis Kennedy,world,Nead na Lachan
4823B951,1.101,Юрий Башмет,classical,Erlkönig D. 328
AABFA3FE,96.00299999999999,Kartellen,hiphop,Dominobrickor
AE752A6A,433.031833,Yasny,electronic,Sand
32C3D52,438.0,Copy Paste Soul,electronic,Like This
E731E2CE,0.0,Ali,world,Roses Dream
DBDCFE29,223.0,Montana Trax,hiphop,Fuckdatt
9DF32C3E,191.71265,Marcel Feijoo et son Orchestre,pop,S. V. P.
B0C95CAA,217.12900000000002,Marco mellino,inspiritual,Incontrare te
A32B38E8,0.0,Иньва,world,Красно солнышко
C58322FE,0.0,NOVA,ruspop,В области сердца
A3D9F333,1.204092,GEN MIKAYA,reggae,Kiss Me Back
5F9F9A06,7.454,Meco,disco,Star Wars Theme/Cantina Band
1E8B6C62,4.281000000000001,Madness,electronic,Gold Coast
8E459647,110.0,Ulaş,electronic,Light on the Horizon
2011256F,2.002784,,dance,Downfall
77E4448C,2.0140000000000002,,,
B234F0C,2.792,D of Trinity Garden Cartel,rap,What’s Up People
A975C40,6.308336215999999,86,hiphop,BeatBox
F515DA6,2.208895666666666,,rusrap,Стабильность
5BF10E0C,42.387,Илдар Ахметов,tatar,Хэерлегэ микэн
6D98DC7C,108.23899999999999,Mafia K'1 Fry,hiphop,On débarque
34CD9681,5.322,Bert Sommer,pop,I'm Alone
DF8BD5BD,4.539,,blues,
EBA1F998,0.1,,,
F3D97F50,297.235351,Japanimal,electronic,Fairy Tail Theme
EB9B6512,125.50299999999999,Wesley Sinks,rock,Life Unknown
4326B014,291.965667,Antoine Silverman,jazz,Come Rain Or Come Shine
C4D23842,0.9139149999999999,Капитанский ром,rusrock,Таверна
628BCA55,1.824,Loud Hill,,So Phat
A2884D1D,134.776,Buju Banton,reggae,Burn Baby Burn
9054ADBE,0.8214299999999999,The Dumplings,alternative,Mewy
26ECAEF4,0.1,Ани Лорак,ruspop,Пламя
CA3C2124,185.0,,electronic,California Girls (NoMBe vs. Sonny Alven)
544174D,3.0,William Ekh,pop,Diamonds
68D4C48C,638.0,Værket,rock,Young Again
E2617005,71.418776,Upon A Burning Body,metal,Showtime
43A1A4EA,547.0,Krishna Mudru,ambient,Ashtanga
B0E6C865,4.0,Luca Fioretti,pop,One Week to Love You
C8781E34,0.1,Magrudergrind,hardcore,Imperium in Imperio
79D87051,128.287347,Constantin Chekerliski/Boris Christoff/Todor Todorov/Julia Wiener/Reni Penkova/Sofia National Opera Chorus/Sofia National Opera Orchestra/Jerzy Semkow,classical,ACT I -Scene 1: Goi! Slava slava Volodimiru! (Chorus/Skula/Eroshka)
36632410,221.126531,Ermakov,ruspop,Особенный
D14D7D4,9.191,Conflict801,hiphop,Unholy / All Out
A516D0DF,0.1,,,
C1A684BA,1.501,Robert Redweik,pop,Herz auf Halbmast
200E0E4E,0.1,Tatiana Malafaia,world,Alcançar Teu Coração (Playback)
89FDE661,83.0,Aaron Shirk,electronic,Falling Stars
A3FEDE5D,399.464458,T-Love,alternative,Downtempo 08
6692E5D4,320.226,Paradiso & Rasamayi,world,Love: Crystal Singing Bowls
8C1D3679,240.0,Artspace,dance,Living My Days
A54E7D9C,1.0,Heiss und Eis,pop,Deep House
5E595CB0,0.1,Drake White,country,Happy Place
FBA6F91B,116.0,Isa,rusrap,Я не obladaet
61DE2DDB,0.1,Багира,rock,Волна
649D2744,75.29899999999999,Ленивый Кинг,rusrap,Пускаю смок
4A1FBCA4,243.0,,,
236F90E1,251.0,Hydrolic West,pop,Him & I
4CC49C2D,13.359000000000002,Sigi Di Collini Starjack & Timmy G,electronic,Rock the Party Loud
76F64B80,3.838,Voss,hiphop,Tarantino
B6E21B8C,172.138553,Jay Black,rock,Can't Take My Eyes off You
209D492A,0.1,LSP,electronic,I Know
A63CDF4A,4.426739323420074,Dj Kharma,dance,Resurection
E4C62CE0,102.0,Oni,hiphop,Bang !
493FCBA4,8.386746669041957,Dr Chekill,electronic,Botellin
26798922,50.0,Eddie,singer,Say Goodbye to Yesterday
F875AFE5,26.203000000000003,Valentino,latin,Tú Y Yo
77C903C1,0.0,Laura Clapp,pop,First Shade of Winter
147865EC,23.41418111999999,david newmann,rock,Watch Me
EDD28A47,246.34,Emily Spiller,dance,Eye of the Beholder
FE76AC63,0.1,,,
77160FAD,2.456,The Frank Popp Ensemble,pop,High Voltage
C0FC68D7,9.263727190885641,Antony Santos,latin,Ay Mujer
8C25097A,238.361,El Mato A Un Policia Motorizado,latin,El Fuego Que Hemos Construido
FBD446A3,13.210543715344699,Livesay,metal,Live & Let Rock
83C806E9,262.385,Portion Control,electronic,Swollen
6B51CAC9,97.031,Faux Tales,electronic,Atlas
4B5F4171,0.1,Dúo Inter,rnb,Beggin'
471A2066,1.5919999999999999,IamStylezMusic,reggae,Love so Nice
48B532FB,219.24200000000002,R&E a.k.a. Rumanetsa & Enchev,pop,My Love Is Your Love
3E11E4FA,1.771,Chicken Hill,hiphop,Devil Within (feat. Young Collage Ren da Heatmonsta & Brotha Lynch Hung)
5A5951F7,160.548571,Original Broadway Cast,melodic,Maria
CD02160E,59.0,Popi Malliotaki,world,Alli mia fora
8620D83B,3.975982451349124,,dance,Hands Up!
6C8E772D,0.1,FIDLAR,punk,Red Right Hand
4496428D,0.0,Luther Johnson,blues,Little Queenie
7CAB2B71,216.433,Oscar Lee,hiphop,Bout It
890BCAEF,0.9309999999999999,Kerry Wilkins,rock,The Hunted
3B3E2025,228.700566,Devon Gilfillian,rock,Truth
523BAC19,0.0,Redford,electronic,Novia
BCD7F181,1.7241629392361069,,dance,Reggaeton
86EC221B,26.782323500000018,Lingo,hiphop,Break You Off (Oh No) (feat. Dan Reynolds)
F8677C77,2.0,Kay Kyser & His Orchestra,jazz,Praise The Lord And Pass The Ammunition
9945BD7A,343.484082,Brighter Death Now,electronic,End of the 80's
B5F851F8,200.0,Sydonia,rock,Dream Kiss
AAF8D074,23.5165546575241,Emme Ya,electronic,The Vortex Ov Primigenian Sun
21915422,129.0,Хор и оркестр п/у Александра Свечникова,children,Смелых вперёд море зовёт
712765,0.0,Bayside,alternative,The Wrong Way
C7B8E8C6,238.733,Tina Louise,jazz,Snuggled on Your Shoulder
6E0F64CC,14.774305095833334,Rodrigo Digão Braz Trio,world,Cortejo de Abertura
8A6A8FCB,5.0,Bad Danny,,Casino
1BC7F693,220.0,Большой детский хор Всесоюзного радио и Центрального телевидения,fairytail,Волшебник мастер Фло: Ну вот дорогой фломастер
4B8056C0,45.938,Demonology HiFi,techno,Line
3BCC0127,208.74448999999998,Adrianna Bernal,pop,Lullaby (Goodnight My Angel)
ABCF6776,268.561,Raid,electronic,Morbis Tree
E170744D,0.1,Kalabhavan Mani,world,Shambo Shiva
BFD7A75A,14.876,ABBA Stars,pop,Gimme! Gimme! Gimme! / A Man After Midnight
AAF7683D,107.430054,Akyeame,hiphop,Mesan Aba
18E830,117.45100000000001,Hollywood Klezmer,world,Melrose Freilachs/ Kotsari
62E63B24,28.186,The Chickies,dance,Chicken Dance
F16B22CB,2.8789999999999996,Zoo Strategies,rock,Unintended Consequences
B3D6E065,205.0,Сергей Бойко,ruspop,Мы - русские
A8C8DA99,0.1,,,
671E8778,25.0,Thriu. Gurudeva,world,Kaarthigaiyil Malai
9D765AB9,118.90299999999999,CinCitty,hiphop,Love Story Of An Opioid Addiction (Sarah Smile)
89593BF2,401.26693900000004,Susana Sheiman,jazz,Autumm Leaves
A00B59F0,5.0,Jermaine Jackson,electronic,Save Tomorrow
98BE7897,2.7880000000000003,Pioneers,reggae,I'll Take You There
CB0748D4,165.172,Orquesta Martin De La Rosa,jazz,Caravan
4619C37C,0.0,,,
A91C0246,339.0,,soundtrack,Заколоченное
65346387,5.143,X-Hero,rock,Come Back
8DB7E4A3,19.738,Gorepot,rock,Japanese Pop Is Jpop; Chinese Rap Is Crap
3B7D498D,6.206288799718896,Out Out,electronic,It's Not Innocuous
AF171585,0.1,Makoto,electronic,Untold
C7C54E2B,1.0,Bokoesam,hiphop,Jandro
6726EB95,0.1,Shooting Star,rock,We Can't Wait Forever
6C76A8E3,1.0,Stereoplen,ruspop,Горят моcты
A63B29C0,85.469494,Disciple 2,spiritual,Tis' Your Lovely Face I'll See
B2C72DBE,0.0,Leo G,,Supersonic
D00A00D8,16.0,Moondance,folk,Juneapple
86F9242E,5.0,Goodluck,dance,I've Been Thinking About You
565ACEB2,352.0,Brocas Helm,metal,Drink the Blood of the Priest
544B2B1E,324.85875,Slackwax,electronic,Night Out
145127BD,1.0,,pop,Ayrılık Zor
90AA8DCD,159.0,Saison,dance,Please Don’t Go
85785480,66.95565500000001,Anastezia,ruspop,Осень опять пришла
A5E0D927,239.97799999999998,Blessed By A Burden,metal,Testament
C539826D,1.054058,Юля Годунова,ruspop,Давай останемся
76109E23,4.412,Eddie Barclay,jazz,La marie-vison
B828D724,72.385,Dush Tray,rap,Seperate Yours From Mine (feat. Nomad & Scoop)
C8B4402B,0.0,Cusco,ambient,Alcatraz
8306CB54,52.113,Isto Hiltunen,pop,RAKAKUS LÄHTEE IKÄVÄ JÄÄ
6C6CD7A5,74.59100000000001,,,
A343A9EE,9.444001,YOYO,world,Coco Mamzelle
4029914D,443.06300000000005,Lucia Popp,classical,Haydn: The Creation (Die Schöpfung) / Part 2 - Und die Engel rührten....In holder Anmut stehn
37BB2DA2,0.1,Maestro Harrell,dance,Zantar
B2EF628B,254.145306,Второй этаж поражает,local,Кино
58B3D39B,34.373083,Morten Schantz,conjazz,Silence in the Tempest (Part I)
BDBE1D12,46.136,The New Broadway Players,melodic,"Alexander Hamilton (From ""Hamilton"")"
DB4AE611,2.117,Luca Urbani,alternative,Sono costretto
37A2FA9D,0.0,,rusrap,Жестокий
4119125B,234.0,Ken Floor,pop,My Love
ACE7ED32,216.572,Intense Study Music Society,classical,Violin Partita No. 1 in B Minor BWV 1002: V. Sarabande
ECB8CC91,11.563211019999995,Tryad,electronic,Our Lives Change
CB59565C,189.335,Eagle-Eye Cherry,pop,Are You Still Having Fun?
F9E57E9D,170.840792,覃子茵,children,土家小阿妹
956422AD,2.0,The Hill and Wood,indie,Jericho
CD84CBE6,0.0,Darma,electronic,Dejavoo
B867BBD3,4.0,Shawix,electronic,Lates
84775F7D,1.365,,classical,Violentango
B463E573,2.611,Den of Ashes,rock,Blackbird
9682E30F,0.632363,Mad Heads,rock,Won't Get Tired
CBAC8999,0.0,Dominique,electronic,I Think I'm Fallin'
2077552C,5.0,911,pop,There It Is
68825EF0,4.0,Antonio Ríos,latin,Oye Morena
E3D5CEB9,30.269000000000002,,dance,Butterfly Effect
4CA1BD99,380.604075,,drum,Etherall
FCE424A0,160.519,Kriki Muh,rock,Про друзей
250E6C80,191.98456757361117,Gamza,rock,Steel Claw
D7724CE5,320.574694,Skeletal Remains,metal,Ripperology
7EB78624,209.214694,JPB,electronic,Get over You
666CECD9,0.0,Inspir,dance,Boombox
3486FDB3,1.73,Chi-Boyz,electronic,Bass
AE4EB53F,5.2318602343750005,Unbunny,rock,Northern Spies
A8899D01,358.376,,electronic,Hate Is the Killer
42113B2D,420.15346900000003,Black Velvet,world,Alexis' set
A7165F13,2.0,Milton Banana,jazz,Você E Eu / Bossa Nova Blues / Não Faz Assim / Influência Do Jazz / Desafinado / O Amor E A Ros / O Apito No Samba / Chora Tua Tristeza / O Menino Desde O Morro / Chega De Saudade / Boato / Samba De Uma Nota Só
C94183DA,7.2779064979999974,Ali Pormehr,pop,Yaghish Altinda
E1178A6A,104.98299999999999,Kriemhild Maria Siegel,pop,Rock of Trust
B4CBB21C,55.03128706666666,Hirax,metal,Barrage of Noise
7A5B9227,1.124,Brendan Hines,rock,Average Is
6011FA8D,7.635,Никита Малинин,dance,Hands Up!
1EDEC0D4,253.051,Friday,rnb,I Know Where
D8B029AE,2.369145,Blake & Silento,pop,Rocabye
EDD4CC7B,241.0,Blakes,dance,Night Lights
A16E96B9,172.17306100000002,RutherJay,hiphop,Korean Bbq Nightmare
FDB4F68C,259.85400000000004,Тимур Камышанский,pop,Давай начнём сначала
992A89CD,215.643,Jamie McCool,dance,Blue Eyed Boy
C6EA3EAD,0.1,Soepik,electronic,Megalovania
A9E0E89,285.373,OKKERVIL,rock,Внутри
715A3942,180.03591699999998,NiklāvZ,dance,Out There
EB28D0F,197.96,Skazka Orchestra,world,Bormental
3AC9822C,267.0,Alex.n,electronic,Let's Move to the Beat
FC6FF859,0.0,TaLila,jazz,Oy Mame Bin Ikh Farlibt
D8666AD1,10.055858404166667,Matt Vucic,classical,Breakdown
B1118E7F,513.0,Milan Euringer,dance,Lovebreak
8B57BDEC,579.082449,Astropilot,chill,Frozen Time
A30B97,0.0,Basil Rathbone,spoken,A Scandal in Bohemia
6CF2E9A3,38.29551,,classical,Sibaris scène 2: Marche des sybarites
E8F7A26D,25.191999999999997,Jean-Pierre Danel,pop,Every Breath You Take
1BC80A2C,187.0,Dinara Sultan,western,Kop Kuttim
C5F5F050,200.063,,dance,Time Won't Wait
6FC9789D,1.0,Rosie Crow,pop,Stop Believing
9496B61,167.47101999999998,Bossa Samba,latin,Paradise Samba
C53DE09,32.164,Jace Abstract,reggae,Keep On
C2847515,1.9969999999999999,Dragonvp,rusrap,Наркотик
12E4B4A4,1.503012,kairiritsu,jpop,Snowy Fairy
84198EEC,2.0,,dance,Let's F**K
BC10307F,19.755370794140898,Arturo Tappin,reggae,Mista T
74E13ED7,1.0,Backing Tracks For Guitarists,pop,Sweet Child O' Mine (Minus Lead Guitar) [In The Style Of 'Guns 'n Roses']
99AD02C1,15.148,Midnight Tyrannosaurus,electronic,Spiteful Spirit
82A30F1C,3.6214138428979754,Mosavo,world,Enchanted Garden
33C1D07E,20.249000000000002,Виталий Дмитренко,ruspop,Дождь надежд
38D07F25,0.1,,,
808C4337,40.0,Void Camp,electronic,Waking Life
AA7F6D93,14.96,Черный Ворон,rock,Черный ворон
B4BB92FF,4.572,Sinetone,electronic,Chi
FCBB0EBF,0.0,Raveena,rnb,Sweet Time
D89B289,263.026939,Institute,rock,Seventh Wave
54EA73CC,225.976,Buddhism Academy,new,Sound of the Past
CF8BDCEE,12.253,Big Phat Band,jazz,Hunting Wabbits 2 (A Bad Hare Day)
78CE0B2C,153.52,The Cascades,rnb,Rhythm Of The Rain
42A7F337,0.1,Дари Черная,ruspop,Девочка на миллион
B7265147,0.0,Ernest Lyons,new,Down by the Sally Gardens
4758FF80,6.104,Mary Jane Girls,pop,In My House
EDEAA3D7,188.734667,Christoph El Truento,dance,GOT2B
C983B80E,211.80081600000003,,pop,Faded (Piano Duet)
51D7CEA3,0.1,The Rinn,rock,I Will Awake
DA2EAEA6,62.949112,,pop,Far Away
C9B6780,177.0,The Hell,metal,I'll Snap Your Fucking Head Clean Off
57079672,189.125,Helmut Dubnitzky & Jackspot,electronic,HIO
2ACEC0EE,2.622,Bad King,rock,Eye to Eye
7FA7B19E,49.469953000000004,Poger,hiphop,Каштаны
6CCDD797,1.0,Subway Heat,jazz,Nonton Bioskop
ED44B70,0.0,Bu Bu Man,dance,Fever
9245D33B,1.494251,Janis Joplin,rock,Bye Bye Baby
E0498AC6,38.00178031875,Now vs. Now,jazz,WORRISOME
4EAD6501,12.822000000000001,Ocean,world,Package
2BF79083,8.0,KevSter,pop,Slice & Dice
C859D53E,240.95345,Yxng Bane,electronic,Vroom
C916638C,102.99600000000001,Apnea,dance,Dead Quartet
226EDCC9,18.608688682727944,Tomás Lipán,latin,Carnavalito Quiaqueño
EFD17B62,13.72724,,rock,Tired of Waiting
5977D5E8,0.0,Bonefield,folk,Window
4E6B5643,0.0,Rayze1Music,hiphop,Dreams
C0FC68D7,9.408249479793641,Yone Rodríguez,latin,Cho Juan Perenal
245F9CDA,212.90200000000002,The Soul Surfers,funk,You Can Run (But You Can't Hide) From My Love Pt.1
EE625DC8,1.205,Los Hermanos Moreno,latin,Bochinchosa
AF17B25F,311.666939,Eric Krasno,rock,Roll Out
E35E3A35,1.0,Espoir 2000,world,Eléphant
EAFE863C,197.459592,peratus,rock,orion
92492903,1.7771,Steve Isles,soundtrack,Focus
8ED7690,392.31,Jonathan Yandel,classical,Metamorphosis Pt. 1: The Golden Cage
9EBDDBA6,7.069,,dubstep,Kill Em
A5F623CE,42.8618882,Hard On,rock,Brown Sugar
51DFF901,6.465,DJ Quick,hiphop,Wiggle
DE0231FA,0.1,,,
B9CC18E2,160.757542,Ben Frost,soundtrack,Shield
75504E9B,248.61599999999999,Behzad Leito,hiphop,Oon Bala Sari
225F36B7,219.93900000000002,Katy Perry,pop,Ur So Gay
93260E5A,335.853,,rock,We're All In This Together
4AB530D4,0.0,Emilio Magnotta,world,Rosamunda
2B60974,5.593999999999999,Kitten,alternative,Secrets
6AF9C9D6,367.0,Soap Bubbles,dance,We Party
2AEAB881,80.50141662416605,Pro Arte Orchestra Of London,film,Desplat: Winter Nights
EA093908,284.351,Venera 4,alternative,Eidôlon
91D42B3F,104.74119259583338,Таня BerQ,pop,Спасибо за любовь
9B024BB6,347.350204,Dore,ambient,Sexy Groove
7341155F,5.0,Gregorian feat. Amelia Brightman,pop,Moment of Peace
5C9F8629,63.0,,electronic,Feeling Liberty
DDF57113,255.582041,X-Tralounge,electronic,Lizard
A3308EC5,146.442188,Andy Hunt,hard-n-heavy,Reconciliation
F80EF638,438.88326500000005,,psychedelic,Inside the Mind
97D3BB0F,0.1,Duceman,hiphop,Under Pressure